"Geslacht";"Uitstromers ho met en zonder diploma";"Bedrijfstakken (SBI 2008)";"Studierichting";"Peilmoment";"Perioden";"Uurloon werknemers na verlaten ho (euro)"
"Mannen";"Hbo-bachelor";"A-U Alle economische activiteiten";"Onderwijs";"Direct na verlaten onderwijs";"2015/'16";"   18.18"
"Mannen";"Hbo-bachelor";"A-U Alle economische activiteiten";"Onderwijs";"1 jaar na verlaten onderwijs";"2015/'16";"   19.08"
"Mannen";"Hbo-bachelor";"A-U Alle economische activiteiten";"Onderwijs";"2 jaar na verlaten onderwijs";"2015/'16";"   20.58"
"Mannen";"Hbo-bachelor";"A-U Alle economische activiteiten";"Onderwijs";"3 jaar na verlaten onderwijs";"2015/'16";"   21.36"
"Mannen";"Hbo-bachelor";"A-U Alle economische activiteiten";"Onderwijs";"4 jaar na verlaten onderwijs";"2015/'16";"   22.92"
"Mannen";"Hbo-bachelor";"A-U Alle economische activiteiten";"Onderwijs";"5 jaar na verlaten onderwijs";"2015/'16";"   24.14"
"Mannen";"Hbo-bachelor";"A-U Alle economische activiteiten";"Landbouw en natuurlijke omgeving";"Direct na verlaten onderwijs";"2015/'16";"   14.54"
"Mannen";"Hbo-bachelor";"A-U Alle economische activiteiten";"Landbouw en natuurlijke omgeving";"1 jaar na verlaten onderwijs";"2015/'16";"   16.10"
"Mannen";"Hbo-bachelor";"A-U Alle economische activiteiten";"Landbouw en natuurlijke omgeving";"2 jaar na verlaten onderwijs";"2015/'16";"   17.71"
"Mannen";"Hbo-bachelor";"A-U Alle economische activiteiten";"Landbouw en natuurlijke omgeving";"3 jaar na verlaten onderwijs";"2015/'16";"   19.18"
"Mannen";"Hbo-bachelor";"A-U Alle economische activiteiten";"Landbouw en natuurlijke omgeving";"4 jaar na verlaten onderwijs";"2015/'16";"   20.94"
"Mannen";"Hbo-bachelor";"A-U Alle economische activiteiten";"Landbouw en natuurlijke omgeving";"5 jaar na verlaten onderwijs";"2015/'16";"   22.44"
"Mannen";"Hbo-bachelor";"A-U Alle economische activiteiten";"Natuur";"Direct na verlaten onderwijs";"2015/'16";"       ."
"Mannen";"Hbo-bachelor";"A-U Alle economische activiteiten";"Natuur";"1 jaar na verlaten onderwijs";"2015/'16";"       ."
"Mannen";"Hbo-bachelor";"A-U Alle economische activiteiten";"Natuur";"2 jaar na verlaten onderwijs";"2015/'16";"       ."
"Mannen";"Hbo-bachelor";"A-U Alle economische activiteiten";"Natuur";"3 jaar na verlaten onderwijs";"2015/'16";"       ."
"Mannen";"Hbo-bachelor";"A-U Alle economische activiteiten";"Natuur";"4 jaar na verlaten onderwijs";"2015/'16";"       ."
"Mannen";"Hbo-bachelor";"A-U Alle economische activiteiten";"Natuur";"5 jaar na verlaten onderwijs";"2015/'16";"       ."
"Mannen";"Hbo-bachelor";"A-U Alle economische activiteiten";"Techniek";"Direct na verlaten onderwijs";"2015/'16";"   15.32"
"Mannen";"Hbo-bachelor";"A-U Alle economische activiteiten";"Techniek";"1 jaar na verlaten onderwijs";"2015/'16";"   16.59"
"Mannen";"Hbo-bachelor";"A-U Alle economische activiteiten";"Techniek";"2 jaar na verlaten onderwijs";"2015/'16";"   18.43"
"Mannen";"Hbo-bachelor";"A-U Alle economische activiteiten";"Techniek";"3 jaar na verlaten onderwijs";"2015/'16";"   20.22"
"Mannen";"Hbo-bachelor";"A-U Alle economische activiteiten";"Techniek";"4 jaar na verlaten onderwijs";"2015/'16";"   22.22"
"Mannen";"Hbo-bachelor";"A-U Alle economische activiteiten";"Techniek";"5 jaar na verlaten onderwijs";"2015/'16";"   23.80"
"Mannen";"Hbo-bachelor";"A-U Alle economische activiteiten";"Gezondheidszorg";"Direct na verlaten onderwijs";"2015/'16";"   17.14"
"Mannen";"Hbo-bachelor";"A-U Alle economische activiteiten";"Gezondheidszorg";"1 jaar na verlaten onderwijs";"2015/'16";"   18.93"
"Mannen";"Hbo-bachelor";"A-U Alle economische activiteiten";"Gezondheidszorg";"2 jaar na verlaten onderwijs";"2015/'16";"   20.56"
"Mannen";"Hbo-bachelor";"A-U Alle economische activiteiten";"Gezondheidszorg";"3 jaar na verlaten onderwijs";"2015/'16";"   22.00"
"Mannen";"Hbo-bachelor";"A-U Alle economische activiteiten";"Gezondheidszorg";"4 jaar na verlaten onderwijs";"2015/'16";"   23.46"
"Mannen";"Hbo-bachelor";"A-U Alle economische activiteiten";"Gezondheidszorg";"5 jaar na verlaten onderwijs";"2015/'16";"   24.93"
"Mannen";"Hbo-bachelor";"A-U Alle economische activiteiten";"Economie";"Direct na verlaten onderwijs";"2015/'16";"   13.99"
"Mannen";"Hbo-bachelor";"A-U Alle economische activiteiten";"Economie";"1 jaar na verlaten onderwijs";"2015/'16";"   15.33"
"Mannen";"Hbo-bachelor";"A-U Alle economische activiteiten";"Economie";"2 jaar na verlaten onderwijs";"2015/'16";"   17.16"
"Mannen";"Hbo-bachelor";"A-U Alle economische activiteiten";"Economie";"3 jaar na verlaten onderwijs";"2015/'16";"   19.04"
"Mannen";"Hbo-bachelor";"A-U Alle economische activiteiten";"Economie";"4 jaar na verlaten onderwijs";"2015/'16";"   20.95"
"Mannen";"Hbo-bachelor";"A-U Alle economische activiteiten";"Economie";"5 jaar na verlaten onderwijs";"2015/'16";"   22.73"
"Mannen";"Hbo-bachelor";"A-U Alle economische activiteiten";"Recht";"Direct na verlaten onderwijs";"2015/'16";"       ."
"Mannen";"Hbo-bachelor";"A-U Alle economische activiteiten";"Recht";"1 jaar na verlaten onderwijs";"2015/'16";"       ."
"Mannen";"Hbo-bachelor";"A-U Alle economische activiteiten";"Recht";"2 jaar na verlaten onderwijs";"2015/'16";"       ."
"Mannen";"Hbo-bachelor";"A-U Alle economische activiteiten";"Recht";"3 jaar na verlaten onderwijs";"2015/'16";"       ."
"Mannen";"Hbo-bachelor";"A-U Alle economische activiteiten";"Recht";"4 jaar na verlaten onderwijs";"2015/'16";"       ."
"Mannen";"Hbo-bachelor";"A-U Alle economische activiteiten";"Recht";"5 jaar na verlaten onderwijs";"2015/'16";"       ."
"Mannen";"Hbo-bachelor";"A-U Alle economische activiteiten";"Gedrag en Maatschappij";"Direct na verlaten onderwijs";"2015/'16";"   14.51"
"Mannen";"Hbo-bachelor";"A-U Alle economische activiteiten";"Gedrag en Maatschappij";"1 jaar na verlaten onderwijs";"2015/'16";"   16.37"
"Mannen";"Hbo-bachelor";"A-U Alle economische activiteiten";"Gedrag en Maatschappij";"2 jaar na verlaten onderwijs";"2015/'16";"   18.28"
"Mannen";"Hbo-bachelor";"A-U Alle economische activiteiten";"Gedrag en Maatschappij";"3 jaar na verlaten onderwijs";"2015/'16";"   19.84"
"Mannen";"Hbo-bachelor";"A-U Alle economische activiteiten";"Gedrag en Maatschappij";"4 jaar na verlaten onderwijs";"2015/'16";"   21.37"
"Mannen";"Hbo-bachelor";"A-U Alle economische activiteiten";"Gedrag en Maatschappij";"5 jaar na verlaten onderwijs";"2015/'16";"   22.92"
"Mannen";"Hbo-bachelor";"A-U Alle economische activiteiten";"Taal en cultuur";"Direct na verlaten onderwijs";"2015/'16";"   12.18"
"Mannen";"Hbo-bachelor";"A-U Alle economische activiteiten";"Taal en cultuur";"1 jaar na verlaten onderwijs";"2015/'16";"   13.27"
"Mannen";"Hbo-bachelor";"A-U Alle economische activiteiten";"Taal en cultuur";"2 jaar na verlaten onderwijs";"2015/'16";"   14.95"
"Mannen";"Hbo-bachelor";"A-U Alle economische activiteiten";"Taal en cultuur";"3 jaar na verlaten onderwijs";"2015/'16";"   16.55"
"Mannen";"Hbo-bachelor";"A-U Alle economische activiteiten";"Taal en cultuur";"4 jaar na verlaten onderwijs";"2015/'16";"   17.96"
"Mannen";"Hbo-bachelor";"A-U Alle economische activiteiten";"Taal en cultuur";"5 jaar na verlaten onderwijs";"2015/'16";"   19.69"
"Mannen";"Hbo-bachelor";"A-U Alle economische activiteiten";"Sectoroverstijgend";"Direct na verlaten onderwijs";"2015/'16";"       ."
"Mannen";"Hbo-bachelor";"A-U Alle economische activiteiten";"Sectoroverstijgend";"1 jaar na verlaten onderwijs";"2015/'16";"       ."
"Mannen";"Hbo-bachelor";"A-U Alle economische activiteiten";"Sectoroverstijgend";"2 jaar na verlaten onderwijs";"2015/'16";"       ."
"Mannen";"Hbo-bachelor";"A-U Alle economische activiteiten";"Sectoroverstijgend";"3 jaar na verlaten onderwijs";"2015/'16";"       ."
"Mannen";"Hbo-bachelor";"A-U Alle economische activiteiten";"Sectoroverstijgend";"4 jaar na verlaten onderwijs";"2015/'16";"       ."
"Mannen";"Hbo-bachelor";"A-U Alle economische activiteiten";"Sectoroverstijgend";"5 jaar na verlaten onderwijs";"2015/'16";"       ."
"Mannen";"Hbo-master";"A-U Alle economische activiteiten";"Onderwijs";"Direct na verlaten onderwijs";"2015/'16";"       ."
"Mannen";"Hbo-master";"A-U Alle economische activiteiten";"Onderwijs";"1 jaar na verlaten onderwijs";"2015/'16";"       ."
"Mannen";"Hbo-master";"A-U Alle economische activiteiten";"Onderwijs";"2 jaar na verlaten onderwijs";"2015/'16";"       ."
"Mannen";"Hbo-master";"A-U Alle economische activiteiten";"Onderwijs";"3 jaar na verlaten onderwijs";"2015/'16";"       ."
"Mannen";"Hbo-master";"A-U Alle economische activiteiten";"Onderwijs";"4 jaar na verlaten onderwijs";"2015/'16";"       ."
"Mannen";"Hbo-master";"A-U Alle economische activiteiten";"Onderwijs";"5 jaar na verlaten onderwijs";"2015/'16";"       ."
"Mannen";"Hbo-master";"A-U Alle economische activiteiten";"Landbouw en natuurlijke omgeving";"Direct na verlaten onderwijs";"2015/'16";"       ."
"Mannen";"Hbo-master";"A-U Alle economische activiteiten";"Landbouw en natuurlijke omgeving";"1 jaar na verlaten onderwijs";"2015/'16";"       ."
"Mannen";"Hbo-master";"A-U Alle economische activiteiten";"Landbouw en natuurlijke omgeving";"2 jaar na verlaten onderwijs";"2015/'16";"       ."
"Mannen";"Hbo-master";"A-U Alle economische activiteiten";"Landbouw en natuurlijke omgeving";"3 jaar na verlaten onderwijs";"2015/'16";"       ."
"Mannen";"Hbo-master";"A-U Alle economische activiteiten";"Landbouw en natuurlijke omgeving";"4 jaar na verlaten onderwijs";"2015/'16";"       ."
"Mannen";"Hbo-master";"A-U Alle economische activiteiten";"Landbouw en natuurlijke omgeving";"5 jaar na verlaten onderwijs";"2015/'16";"       ."
"Mannen";"Hbo-master";"A-U Alle economische activiteiten";"Natuur";"Direct na verlaten onderwijs";"2015/'16";"       ."
"Mannen";"Hbo-master";"A-U Alle economische activiteiten";"Natuur";"1 jaar na verlaten onderwijs";"2015/'16";"       ."
"Mannen";"Hbo-master";"A-U Alle economische activiteiten";"Natuur";"2 jaar na verlaten onderwijs";"2015/'16";"       ."
"Mannen";"Hbo-master";"A-U Alle economische activiteiten";"Natuur";"3 jaar na verlaten onderwijs";"2015/'16";"       ."
"Mannen";"Hbo-master";"A-U Alle economische activiteiten";"Natuur";"4 jaar na verlaten onderwijs";"2015/'16";"       ."
"Mannen";"Hbo-master";"A-U Alle economische activiteiten";"Natuur";"5 jaar na verlaten onderwijs";"2015/'16";"       ."
"Mannen";"Hbo-master";"A-U Alle economische activiteiten";"Techniek";"Direct na verlaten onderwijs";"2015/'16";"       ."
"Mannen";"Hbo-master";"A-U Alle economische activiteiten";"Techniek";"1 jaar na verlaten onderwijs";"2015/'16";"       ."
"Mannen";"Hbo-master";"A-U Alle economische activiteiten";"Techniek";"2 jaar na verlaten onderwijs";"2015/'16";"       ."
"Mannen";"Hbo-master";"A-U Alle economische activiteiten";"Techniek";"3 jaar na verlaten onderwijs";"2015/'16";"       ."
"Mannen";"Hbo-master";"A-U Alle economische activiteiten";"Techniek";"4 jaar na verlaten onderwijs";"2015/'16";"       ."
"Mannen";"Hbo-master";"A-U Alle economische activiteiten";"Techniek";"5 jaar na verlaten onderwijs";"2015/'16";"       ."
"Mannen";"Hbo-master";"A-U Alle economische activiteiten";"Gezondheidszorg";"Direct na verlaten onderwijs";"2015/'16";"       ."
"Mannen";"Hbo-master";"A-U Alle economische activiteiten";"Gezondheidszorg";"1 jaar na verlaten onderwijs";"2015/'16";"       ."
"Mannen";"Hbo-master";"A-U Alle economische activiteiten";"Gezondheidszorg";"2 jaar na verlaten onderwijs";"2015/'16";"       ."
"Mannen";"Hbo-master";"A-U Alle economische activiteiten";"Gezondheidszorg";"3 jaar na verlaten onderwijs";"2015/'16";"       ."
"Mannen";"Hbo-master";"A-U Alle economische activiteiten";"Gezondheidszorg";"4 jaar na verlaten onderwijs";"2015/'16";"       ."
"Mannen";"Hbo-master";"A-U Alle economische activiteiten";"Gezondheidszorg";"5 jaar na verlaten onderwijs";"2015/'16";"       ."
"Mannen";"Hbo-master";"A-U Alle economische activiteiten";"Economie";"Direct na verlaten onderwijs";"2015/'16";"       ."
"Mannen";"Hbo-master";"A-U Alle economische activiteiten";"Economie";"1 jaar na verlaten onderwijs";"2015/'16";"       ."
"Mannen";"Hbo-master";"A-U Alle economische activiteiten";"Economie";"2 jaar na verlaten onderwijs";"2015/'16";"       ."
"Mannen";"Hbo-master";"A-U Alle economische activiteiten";"Economie";"3 jaar na verlaten onderwijs";"2015/'16";"       ."
"Mannen";"Hbo-master";"A-U Alle economische activiteiten";"Economie";"4 jaar na verlaten onderwijs";"2015/'16";"       ."
"Mannen";"Hbo-master";"A-U Alle economische activiteiten";"Economie";"5 jaar na verlaten onderwijs";"2015/'16";"       ."
"Mannen";"Hbo-master";"A-U Alle economische activiteiten";"Recht";"Direct na verlaten onderwijs";"2015/'16";"       ."
"Mannen";"Hbo-master";"A-U Alle economische activiteiten";"Recht";"1 jaar na verlaten onderwijs";"2015/'16";"       ."
"Mannen";"Hbo-master";"A-U Alle economische activiteiten";"Recht";"2 jaar na verlaten onderwijs";"2015/'16";"       ."
"Mannen";"Hbo-master";"A-U Alle economische activiteiten";"Recht";"3 jaar na verlaten onderwijs";"2015/'16";"       ."
"Mannen";"Hbo-master";"A-U Alle economische activiteiten";"Recht";"4 jaar na verlaten onderwijs";"2015/'16";"       ."
"Mannen";"Hbo-master";"A-U Alle economische activiteiten";"Recht";"5 jaar na verlaten onderwijs";"2015/'16";"       ."
"Mannen";"Hbo-master";"A-U Alle economische activiteiten";"Gedrag en Maatschappij";"Direct na verlaten onderwijs";"2015/'16";"       ."
"Mannen";"Hbo-master";"A-U Alle economische activiteiten";"Gedrag en Maatschappij";"1 jaar na verlaten onderwijs";"2015/'16";"       ."
"Mannen";"Hbo-master";"A-U Alle economische activiteiten";"Gedrag en Maatschappij";"2 jaar na verlaten onderwijs";"2015/'16";"       ."
"Mannen";"Hbo-master";"A-U Alle economische activiteiten";"Gedrag en Maatschappij";"3 jaar na verlaten onderwijs";"2015/'16";"       ."
"Mannen";"Hbo-master";"A-U Alle economische activiteiten";"Gedrag en Maatschappij";"4 jaar na verlaten onderwijs";"2015/'16";"       ."
"Mannen";"Hbo-master";"A-U Alle economische activiteiten";"Gedrag en Maatschappij";"5 jaar na verlaten onderwijs";"2015/'16";"       ."
"Mannen";"Hbo-master";"A-U Alle economische activiteiten";"Taal en cultuur";"Direct na verlaten onderwijs";"2015/'16";"   14.42"
"Mannen";"Hbo-master";"A-U Alle economische activiteiten";"Taal en cultuur";"1 jaar na verlaten onderwijs";"2015/'16";"   16.37"
"Mannen";"Hbo-master";"A-U Alle economische activiteiten";"Taal en cultuur";"2 jaar na verlaten onderwijs";"2015/'16";"   18.08"
"Mannen";"Hbo-master";"A-U Alle economische activiteiten";"Taal en cultuur";"3 jaar na verlaten onderwijs";"2015/'16";"   21.51"
"Mannen";"Hbo-master";"A-U Alle economische activiteiten";"Taal en cultuur";"4 jaar na verlaten onderwijs";"2015/'16";"   22.18"
"Mannen";"Hbo-master";"A-U Alle economische activiteiten";"Taal en cultuur";"5 jaar na verlaten onderwijs";"2015/'16";"   24.52"
"Mannen";"Hbo-master";"A-U Alle economische activiteiten";"Sectoroverstijgend";"Direct na verlaten onderwijs";"2015/'16";"       ."
"Mannen";"Hbo-master";"A-U Alle economische activiteiten";"Sectoroverstijgend";"1 jaar na verlaten onderwijs";"2015/'16";"       ."
"Mannen";"Hbo-master";"A-U Alle economische activiteiten";"Sectoroverstijgend";"2 jaar na verlaten onderwijs";"2015/'16";"       ."
"Mannen";"Hbo-master";"A-U Alle economische activiteiten";"Sectoroverstijgend";"3 jaar na verlaten onderwijs";"2015/'16";"       ."
"Mannen";"Hbo-master";"A-U Alle economische activiteiten";"Sectoroverstijgend";"4 jaar na verlaten onderwijs";"2015/'16";"       ."
"Mannen";"Hbo-master";"A-U Alle economische activiteiten";"Sectoroverstijgend";"5 jaar na verlaten onderwijs";"2015/'16";"       ."
"Mannen";"Wo-bachelor";"A-U Alle economische activiteiten";"Onderwijs";"Direct na verlaten onderwijs";"2015/'16";"       ."
"Mannen";"Wo-bachelor";"A-U Alle economische activiteiten";"Onderwijs";"1 jaar na verlaten onderwijs";"2015/'16";"       ."
"Mannen";"Wo-bachelor";"A-U Alle economische activiteiten";"Onderwijs";"2 jaar na verlaten onderwijs";"2015/'16";"       ."
"Mannen";"Wo-bachelor";"A-U Alle economische activiteiten";"Onderwijs";"3 jaar na verlaten onderwijs";"2015/'16";"       ."
"Mannen";"Wo-bachelor";"A-U Alle economische activiteiten";"Onderwijs";"4 jaar na verlaten onderwijs";"2015/'16";"       ."
"Mannen";"Wo-bachelor";"A-U Alle economische activiteiten";"Onderwijs";"5 jaar na verlaten onderwijs";"2015/'16";"       ."
"Mannen";"Wo-bachelor";"A-U Alle economische activiteiten";"Landbouw en natuurlijke omgeving";"Direct na verlaten onderwijs";"2015/'16";"   12.26"
"Mannen";"Wo-bachelor";"A-U Alle economische activiteiten";"Landbouw en natuurlijke omgeving";"1 jaar na verlaten onderwijs";"2015/'16";"   15.22"
"Mannen";"Wo-bachelor";"A-U Alle economische activiteiten";"Landbouw en natuurlijke omgeving";"2 jaar na verlaten onderwijs";"2015/'16";"   16.49"
"Mannen";"Wo-bachelor";"A-U Alle economische activiteiten";"Landbouw en natuurlijke omgeving";"3 jaar na verlaten onderwijs";"2015/'16";"   17.92"
"Mannen";"Wo-bachelor";"A-U Alle economische activiteiten";"Landbouw en natuurlijke omgeving";"4 jaar na verlaten onderwijs";"2015/'16";"   20.21"
"Mannen";"Wo-bachelor";"A-U Alle economische activiteiten";"Landbouw en natuurlijke omgeving";"5 jaar na verlaten onderwijs";"2015/'16";"   21.78"
"Mannen";"Wo-bachelor";"A-U Alle economische activiteiten";"Natuur";"Direct na verlaten onderwijs";"2015/'16";"   13.91"
"Mannen";"Wo-bachelor";"A-U Alle economische activiteiten";"Natuur";"1 jaar na verlaten onderwijs";"2015/'16";"   16.47"
"Mannen";"Wo-bachelor";"A-U Alle economische activiteiten";"Natuur";"2 jaar na verlaten onderwijs";"2015/'16";"   18.76"
"Mannen";"Wo-bachelor";"A-U Alle economische activiteiten";"Natuur";"3 jaar na verlaten onderwijs";"2015/'16";"   20.80"
"Mannen";"Wo-bachelor";"A-U Alle economische activiteiten";"Natuur";"4 jaar na verlaten onderwijs";"2015/'16";"   22.56"
"Mannen";"Wo-bachelor";"A-U Alle economische activiteiten";"Natuur";"5 jaar na verlaten onderwijs";"2015/'16";"   24.72"
"Mannen";"Wo-bachelor";"A-U Alle economische activiteiten";"Techniek";"Direct na verlaten onderwijs";"2015/'16";"   14.86"
"Mannen";"Wo-bachelor";"A-U Alle economische activiteiten";"Techniek";"1 jaar na verlaten onderwijs";"2015/'16";"   17.82"
"Mannen";"Wo-bachelor";"A-U Alle economische activiteiten";"Techniek";"2 jaar na verlaten onderwijs";"2015/'16";"   19.87"
"Mannen";"Wo-bachelor";"A-U Alle economische activiteiten";"Techniek";"3 jaar na verlaten onderwijs";"2015/'16";"   21.57"
"Mannen";"Wo-bachelor";"A-U Alle economische activiteiten";"Techniek";"4 jaar na verlaten onderwijs";"2015/'16";"   24.29"
"Mannen";"Wo-bachelor";"A-U Alle economische activiteiten";"Techniek";"5 jaar na verlaten onderwijs";"2015/'16";"   26.67"
"Mannen";"Wo-bachelor";"A-U Alle economische activiteiten";"Gezondheidszorg";"Direct na verlaten onderwijs";"2015/'16";"   13.95"
"Mannen";"Wo-bachelor";"A-U Alle economische activiteiten";"Gezondheidszorg";"1 jaar na verlaten onderwijs";"2015/'16";"   18.72"
"Mannen";"Wo-bachelor";"A-U Alle economische activiteiten";"Gezondheidszorg";"2 jaar na verlaten onderwijs";"2015/'16";"   20.73"
"Mannen";"Wo-bachelor";"A-U Alle economische activiteiten";"Gezondheidszorg";"3 jaar na verlaten onderwijs";"2015/'16";"   23.53"
"Mannen";"Wo-bachelor";"A-U Alle economische activiteiten";"Gezondheidszorg";"4 jaar na verlaten onderwijs";"2015/'16";"   25.34"
"Mannen";"Wo-bachelor";"A-U Alle economische activiteiten";"Gezondheidszorg";"5 jaar na verlaten onderwijs";"2015/'16";"   26.20"
"Mannen";"Wo-bachelor";"A-U Alle economische activiteiten";"Economie";"Direct na verlaten onderwijs";"2015/'16";"   13.75"
"Mannen";"Wo-bachelor";"A-U Alle economische activiteiten";"Economie";"1 jaar na verlaten onderwijs";"2015/'16";"   16.41"
"Mannen";"Wo-bachelor";"A-U Alle economische activiteiten";"Economie";"2 jaar na verlaten onderwijs";"2015/'16";"   18.31"
"Mannen";"Wo-bachelor";"A-U Alle economische activiteiten";"Economie";"3 jaar na verlaten onderwijs";"2015/'16";"   20.76"
"Mannen";"Wo-bachelor";"A-U Alle economische activiteiten";"Economie";"4 jaar na verlaten onderwijs";"2015/'16";"   23.62"
"Mannen";"Wo-bachelor";"A-U Alle economische activiteiten";"Economie";"5 jaar na verlaten onderwijs";"2015/'16";"   25.60"
"Mannen";"Wo-bachelor";"A-U Alle economische activiteiten";"Recht";"Direct na verlaten onderwijs";"2015/'16";"   13.62"
"Mannen";"Wo-bachelor";"A-U Alle economische activiteiten";"Recht";"1 jaar na verlaten onderwijs";"2015/'16";"   16.28"
"Mannen";"Wo-bachelor";"A-U Alle economische activiteiten";"Recht";"2 jaar na verlaten onderwijs";"2015/'16";"   18.63"
"Mannen";"Wo-bachelor";"A-U Alle economische activiteiten";"Recht";"3 jaar na verlaten onderwijs";"2015/'16";"   21.08"
"Mannen";"Wo-bachelor";"A-U Alle economische activiteiten";"Recht";"4 jaar na verlaten onderwijs";"2015/'16";"   23.46"
"Mannen";"Wo-bachelor";"A-U Alle economische activiteiten";"Recht";"5 jaar na verlaten onderwijs";"2015/'16";"   26.30"
"Mannen";"Wo-bachelor";"A-U Alle economische activiteiten";"Gedrag en Maatschappij";"Direct na verlaten onderwijs";"2015/'16";"   12.63"
"Mannen";"Wo-bachelor";"A-U Alle economische activiteiten";"Gedrag en Maatschappij";"1 jaar na verlaten onderwijs";"2015/'16";"   15.37"
"Mannen";"Wo-bachelor";"A-U Alle economische activiteiten";"Gedrag en Maatschappij";"2 jaar na verlaten onderwijs";"2015/'16";"   17.26"
"Mannen";"Wo-bachelor";"A-U Alle economische activiteiten";"Gedrag en Maatschappij";"3 jaar na verlaten onderwijs";"2015/'16";"   20.00"
"Mannen";"Wo-bachelor";"A-U Alle economische activiteiten";"Gedrag en Maatschappij";"4 jaar na verlaten onderwijs";"2015/'16";"   22.06"
"Mannen";"Wo-bachelor";"A-U Alle economische activiteiten";"Gedrag en Maatschappij";"5 jaar na verlaten onderwijs";"2015/'16";"   24.12"
"Mannen";"Wo-bachelor";"A-U Alle economische activiteiten";"Taal en cultuur";"Direct na verlaten onderwijs";"2015/'16";"   13.27"
"Mannen";"Wo-bachelor";"A-U Alle economische activiteiten";"Taal en cultuur";"1 jaar na verlaten onderwijs";"2015/'16";"   14.55"
"Mannen";"Wo-bachelor";"A-U Alle economische activiteiten";"Taal en cultuur";"2 jaar na verlaten onderwijs";"2015/'16";"   16.05"
"Mannen";"Wo-bachelor";"A-U Alle economische activiteiten";"Taal en cultuur";"3 jaar na verlaten onderwijs";"2015/'16";"   17.48"
"Mannen";"Wo-bachelor";"A-U Alle economische activiteiten";"Taal en cultuur";"4 jaar na verlaten onderwijs";"2015/'16";"   19.53"
"Mannen";"Wo-bachelor";"A-U Alle economische activiteiten";"Taal en cultuur";"5 jaar na verlaten onderwijs";"2015/'16";"   21.09"
"Mannen";"Wo-bachelor";"A-U Alle economische activiteiten";"Sectoroverstijgend";"Direct na verlaten onderwijs";"2015/'16";"   11.57"
"Mannen";"Wo-bachelor";"A-U Alle economische activiteiten";"Sectoroverstijgend";"1 jaar na verlaten onderwijs";"2015/'16";"   13.06"
"Mannen";"Wo-bachelor";"A-U Alle economische activiteiten";"Sectoroverstijgend";"2 jaar na verlaten onderwijs";"2015/'16";"   16.14"
"Mannen";"Wo-bachelor";"A-U Alle economische activiteiten";"Sectoroverstijgend";"3 jaar na verlaten onderwijs";"2015/'16";"   17.93"
"Mannen";"Wo-bachelor";"A-U Alle economische activiteiten";"Sectoroverstijgend";"4 jaar na verlaten onderwijs";"2015/'16";"   19.62"
"Mannen";"Wo-bachelor";"A-U Alle economische activiteiten";"Sectoroverstijgend";"5 jaar na verlaten onderwijs";"2015/'16";"   21.99"
"Mannen";"Wo-master";"A-U Alle economische activiteiten";"Onderwijs";"Direct na verlaten onderwijs";"2015/'16";"       ."
"Mannen";"Wo-master";"A-U Alle economische activiteiten";"Onderwijs";"1 jaar na verlaten onderwijs";"2015/'16";"       ."
"Mannen";"Wo-master";"A-U Alle economische activiteiten";"Onderwijs";"2 jaar na verlaten onderwijs";"2015/'16";"       ."
"Mannen";"Wo-master";"A-U Alle economische activiteiten";"Onderwijs";"3 jaar na verlaten onderwijs";"2015/'16";"       ."
"Mannen";"Wo-master";"A-U Alle economische activiteiten";"Onderwijs";"4 jaar na verlaten onderwijs";"2015/'16";"       ."
"Mannen";"Wo-master";"A-U Alle economische activiteiten";"Onderwijs";"5 jaar na verlaten onderwijs";"2015/'16";"       ."
"Mannen";"Wo-master";"A-U Alle economische activiteiten";"Landbouw en natuurlijke omgeving";"Direct na verlaten onderwijs";"2015/'16";"   15.91"
"Mannen";"Wo-master";"A-U Alle economische activiteiten";"Landbouw en natuurlijke omgeving";"1 jaar na verlaten onderwijs";"2015/'16";"   18.11"
"Mannen";"Wo-master";"A-U Alle economische activiteiten";"Landbouw en natuurlijke omgeving";"2 jaar na verlaten onderwijs";"2015/'16";"   19.43"
"Mannen";"Wo-master";"A-U Alle economische activiteiten";"Landbouw en natuurlijke omgeving";"3 jaar na verlaten onderwijs";"2015/'16";"   20.81"
"Mannen";"Wo-master";"A-U Alle economische activiteiten";"Landbouw en natuurlijke omgeving";"4 jaar na verlaten onderwijs";"2015/'16";"   22.81"
"Mannen";"Wo-master";"A-U Alle economische activiteiten";"Landbouw en natuurlijke omgeving";"5 jaar na verlaten onderwijs";"2015/'16";"   25.06"
"Mannen";"Wo-master";"A-U Alle economische activiteiten";"Natuur";"Direct na verlaten onderwijs";"2015/'16";"   16.62"
"Mannen";"Wo-master";"A-U Alle economische activiteiten";"Natuur";"1 jaar na verlaten onderwijs";"2015/'16";"   18.16"
"Mannen";"Wo-master";"A-U Alle economische activiteiten";"Natuur";"2 jaar na verlaten onderwijs";"2015/'16";"   20.37"
"Mannen";"Wo-master";"A-U Alle economische activiteiten";"Natuur";"3 jaar na verlaten onderwijs";"2015/'16";"   22.42"
"Mannen";"Wo-master";"A-U Alle economische activiteiten";"Natuur";"4 jaar na verlaten onderwijs";"2015/'16";"   25.34"
"Mannen";"Wo-master";"A-U Alle economische activiteiten";"Natuur";"5 jaar na verlaten onderwijs";"2015/'16";"   28.07"
"Mannen";"Wo-master";"A-U Alle economische activiteiten";"Techniek";"Direct na verlaten onderwijs";"2015/'16";"   17.72"
"Mannen";"Wo-master";"A-U Alle economische activiteiten";"Techniek";"1 jaar na verlaten onderwijs";"2015/'16";"   19.04"
"Mannen";"Wo-master";"A-U Alle economische activiteiten";"Techniek";"2 jaar na verlaten onderwijs";"2015/'16";"   21.12"
"Mannen";"Wo-master";"A-U Alle economische activiteiten";"Techniek";"3 jaar na verlaten onderwijs";"2015/'16";"   23.41"
"Mannen";"Wo-master";"A-U Alle economische activiteiten";"Techniek";"4 jaar na verlaten onderwijs";"2015/'16";"   25.85"
"Mannen";"Wo-master";"A-U Alle economische activiteiten";"Techniek";"5 jaar na verlaten onderwijs";"2015/'16";"   28.51"
"Mannen";"Wo-master";"A-U Alle economische activiteiten";"Gezondheidszorg";"Direct na verlaten onderwijs";"2015/'16";"   16.29"
"Mannen";"Wo-master";"A-U Alle economische activiteiten";"Gezondheidszorg";"1 jaar na verlaten onderwijs";"2015/'16";"   18.35"
"Mannen";"Wo-master";"A-U Alle economische activiteiten";"Gezondheidszorg";"2 jaar na verlaten onderwijs";"2015/'16";"   20.32"
"Mannen";"Wo-master";"A-U Alle economische activiteiten";"Gezondheidszorg";"3 jaar na verlaten onderwijs";"2015/'16";"   22.42"
"Mannen";"Wo-master";"A-U Alle economische activiteiten";"Gezondheidszorg";"4 jaar na verlaten onderwijs";"2015/'16";"   24.71"
"Mannen";"Wo-master";"A-U Alle economische activiteiten";"Gezondheidszorg";"5 jaar na verlaten onderwijs";"2015/'16";"   27.51"
"Mannen";"Wo-master";"A-U Alle economische activiteiten";"Economie";"Direct na verlaten onderwijs";"2015/'16";"   17.12"
"Mannen";"Wo-master";"A-U Alle economische activiteiten";"Economie";"1 jaar na verlaten onderwijs";"2015/'16";"   18.38"
"Mannen";"Wo-master";"A-U Alle economische activiteiten";"Economie";"2 jaar na verlaten onderwijs";"2015/'16";"   21.13"
"Mannen";"Wo-master";"A-U Alle economische activiteiten";"Economie";"3 jaar na verlaten onderwijs";"2015/'16";"   23.60"
"Mannen";"Wo-master";"A-U Alle economische activiteiten";"Economie";"4 jaar na verlaten onderwijs";"2015/'16";"   26.49"
"Mannen";"Wo-master";"A-U Alle economische activiteiten";"Economie";"5 jaar na verlaten onderwijs";"2015/'16";"   29.67"
"Mannen";"Wo-master";"A-U Alle economische activiteiten";"Recht";"Direct na verlaten onderwijs";"2015/'16";"   16.92"
"Mannen";"Wo-master";"A-U Alle economische activiteiten";"Recht";"1 jaar na verlaten onderwijs";"2015/'16";"   18.89"
"Mannen";"Wo-master";"A-U Alle economische activiteiten";"Recht";"2 jaar na verlaten onderwijs";"2015/'16";"   20.98"
"Mannen";"Wo-master";"A-U Alle economische activiteiten";"Recht";"3 jaar na verlaten onderwijs";"2015/'16";"   23.48"
"Mannen";"Wo-master";"A-U Alle economische activiteiten";"Recht";"4 jaar na verlaten onderwijs";"2015/'16";"   26.84"
"Mannen";"Wo-master";"A-U Alle economische activiteiten";"Recht";"5 jaar na verlaten onderwijs";"2015/'16";"   29.50"
"Mannen";"Wo-master";"A-U Alle economische activiteiten";"Gedrag en Maatschappij";"Direct na verlaten onderwijs";"2015/'16";"   15.34"
"Mannen";"Wo-master";"A-U Alle economische activiteiten";"Gedrag en Maatschappij";"1 jaar na verlaten onderwijs";"2015/'16";"   17.70"
"Mannen";"Wo-master";"A-U Alle economische activiteiten";"Gedrag en Maatschappij";"2 jaar na verlaten onderwijs";"2015/'16";"   19.71"
"Mannen";"Wo-master";"A-U Alle economische activiteiten";"Gedrag en Maatschappij";"3 jaar na verlaten onderwijs";"2015/'16";"   22.30"
"Mannen";"Wo-master";"A-U Alle economische activiteiten";"Gedrag en Maatschappij";"4 jaar na verlaten onderwijs";"2015/'16";"   25.17"
"Mannen";"Wo-master";"A-U Alle economische activiteiten";"Gedrag en Maatschappij";"5 jaar na verlaten onderwijs";"2015/'16";"   27.41"
"Mannen";"Wo-master";"A-U Alle economische activiteiten";"Taal en cultuur";"Direct na verlaten onderwijs";"2015/'16";"   14.84"
"Mannen";"Wo-master";"A-U Alle economische activiteiten";"Taal en cultuur";"1 jaar na verlaten onderwijs";"2015/'16";"   16.38"
"Mannen";"Wo-master";"A-U Alle economische activiteiten";"Taal en cultuur";"2 jaar na verlaten onderwijs";"2015/'16";"   18.74"
"Mannen";"Wo-master";"A-U Alle economische activiteiten";"Taal en cultuur";"3 jaar na verlaten onderwijs";"2015/'16";"   20.78"
"Mannen";"Wo-master";"A-U Alle economische activiteiten";"Taal en cultuur";"4 jaar na verlaten onderwijs";"2015/'16";"   22.93"
"Mannen";"Wo-master";"A-U Alle economische activiteiten";"Taal en cultuur";"5 jaar na verlaten onderwijs";"2015/'16";"   24.73"
"Mannen";"Wo-master";"A-U Alle economische activiteiten";"Sectoroverstijgend";"Direct na verlaten onderwijs";"2015/'16";"       ."
"Mannen";"Wo-master";"A-U Alle economische activiteiten";"Sectoroverstijgend";"1 jaar na verlaten onderwijs";"2015/'16";"       ."
"Mannen";"Wo-master";"A-U Alle economische activiteiten";"Sectoroverstijgend";"2 jaar na verlaten onderwijs";"2015/'16";"       ."
"Mannen";"Wo-master";"A-U Alle economische activiteiten";"Sectoroverstijgend";"3 jaar na verlaten onderwijs";"2015/'16";"       ."
"Mannen";"Wo-master";"A-U Alle economische activiteiten";"Sectoroverstijgend";"4 jaar na verlaten onderwijs";"2015/'16";"       ."
"Mannen";"Wo-master";"A-U Alle economische activiteiten";"Sectoroverstijgend";"5 jaar na verlaten onderwijs";"2015/'16";"       ."
"Vrouwen";"Hbo-bachelor";"A-U Alle economische activiteiten";"Onderwijs";"Direct na verlaten onderwijs";"2015/'16";"   17.81"
"Vrouwen";"Hbo-bachelor";"A-U Alle economische activiteiten";"Onderwijs";"1 jaar na verlaten onderwijs";"2015/'16";"   18.34"
"Vrouwen";"Hbo-bachelor";"A-U Alle economische activiteiten";"Onderwijs";"2 jaar na verlaten onderwijs";"2015/'16";"   19.85"
"Vrouwen";"Hbo-bachelor";"A-U Alle economische activiteiten";"Onderwijs";"3 jaar na verlaten onderwijs";"2015/'16";"   20.40"
"Vrouwen";"Hbo-bachelor";"A-U Alle economische activiteiten";"Onderwijs";"4 jaar na verlaten onderwijs";"2015/'16";"   22.13"
"Vrouwen";"Hbo-bachelor";"A-U Alle economische activiteiten";"Onderwijs";"5 jaar na verlaten onderwijs";"2015/'16";"   23.35"
"Vrouwen";"Hbo-bachelor";"A-U Alle economische activiteiten";"Landbouw en natuurlijke omgeving";"Direct na verlaten onderwijs";"2015/'16";"   13.57"
"Vrouwen";"Hbo-bachelor";"A-U Alle economische activiteiten";"Landbouw en natuurlijke omgeving";"1 jaar na verlaten onderwijs";"2015/'16";"   15.36"
"Vrouwen";"Hbo-bachelor";"A-U Alle economische activiteiten";"Landbouw en natuurlijke omgeving";"2 jaar na verlaten onderwijs";"2015/'16";"   16.75"
"Vrouwen";"Hbo-bachelor";"A-U Alle economische activiteiten";"Landbouw en natuurlijke omgeving";"3 jaar na verlaten onderwijs";"2015/'16";"   17.95"
"Vrouwen";"Hbo-bachelor";"A-U Alle economische activiteiten";"Landbouw en natuurlijke omgeving";"4 jaar na verlaten onderwijs";"2015/'16";"   19.54"
"Vrouwen";"Hbo-bachelor";"A-U Alle economische activiteiten";"Landbouw en natuurlijke omgeving";"5 jaar na verlaten onderwijs";"2015/'16";"   20.69"
"Vrouwen";"Hbo-bachelor";"A-U Alle economische activiteiten";"Natuur";"Direct na verlaten onderwijs";"2015/'16";"       ."
"Vrouwen";"Hbo-bachelor";"A-U Alle economische activiteiten";"Natuur";"1 jaar na verlaten onderwijs";"2015/'16";"       ."
"Vrouwen";"Hbo-bachelor";"A-U Alle economische activiteiten";"Natuur";"2 jaar na verlaten onderwijs";"2015/'16";"       ."
"Vrouwen";"Hbo-bachelor";"A-U Alle economische activiteiten";"Natuur";"3 jaar na verlaten onderwijs";"2015/'16";"       ."
"Vrouwen";"Hbo-bachelor";"A-U Alle economische activiteiten";"Natuur";"4 jaar na verlaten onderwijs";"2015/'16";"       ."
"Vrouwen";"Hbo-bachelor";"A-U Alle economische activiteiten";"Natuur";"5 jaar na verlaten onderwijs";"2015/'16";"       ."
"Vrouwen";"Hbo-bachelor";"A-U Alle economische activiteiten";"Techniek";"Direct na verlaten onderwijs";"2015/'16";"   13.96"
"Vrouwen";"Hbo-bachelor";"A-U Alle economische activiteiten";"Techniek";"1 jaar na verlaten onderwijs";"2015/'16";"   15.28"
"Vrouwen";"Hbo-bachelor";"A-U Alle economische activiteiten";"Techniek";"2 jaar na verlaten onderwijs";"2015/'16";"   16.86"
"Vrouwen";"Hbo-bachelor";"A-U Alle economische activiteiten";"Techniek";"3 jaar na verlaten onderwijs";"2015/'16";"   18.44"
"Vrouwen";"Hbo-bachelor";"A-U Alle economische activiteiten";"Techniek";"4 jaar na verlaten onderwijs";"2015/'16";"   20.08"
"Vrouwen";"Hbo-bachelor";"A-U Alle economische activiteiten";"Techniek";"5 jaar na verlaten onderwijs";"2015/'16";"   21.40"
"Vrouwen";"Hbo-bachelor";"A-U Alle economische activiteiten";"Gezondheidszorg";"Direct na verlaten onderwijs";"2015/'16";"   17.08"
"Vrouwen";"Hbo-bachelor";"A-U Alle economische activiteiten";"Gezondheidszorg";"1 jaar na verlaten onderwijs";"2015/'16";"   18.93"
"Vrouwen";"Hbo-bachelor";"A-U Alle economische activiteiten";"Gezondheidszorg";"2 jaar na verlaten onderwijs";"2015/'16";"   20.60"
"Vrouwen";"Hbo-bachelor";"A-U Alle economische activiteiten";"Gezondheidszorg";"3 jaar na verlaten onderwijs";"2015/'16";"   21.67"
"Vrouwen";"Hbo-bachelor";"A-U Alle economische activiteiten";"Gezondheidszorg";"4 jaar na verlaten onderwijs";"2015/'16";"   23.73"
"Vrouwen";"Hbo-bachelor";"A-U Alle economische activiteiten";"Gezondheidszorg";"5 jaar na verlaten onderwijs";"2015/'16";"   25.09"
"Vrouwen";"Hbo-bachelor";"A-U Alle economische activiteiten";"Economie";"Direct na verlaten onderwijs";"2015/'16";"   13.21"
"Vrouwen";"Hbo-bachelor";"A-U Alle economische activiteiten";"Economie";"1 jaar na verlaten onderwijs";"2015/'16";"   14.50"
"Vrouwen";"Hbo-bachelor";"A-U Alle economische activiteiten";"Economie";"2 jaar na verlaten onderwijs";"2015/'16";"   16.24"
"Vrouwen";"Hbo-bachelor";"A-U Alle economische activiteiten";"Economie";"3 jaar na verlaten onderwijs";"2015/'16";"   17.74"
"Vrouwen";"Hbo-bachelor";"A-U Alle economische activiteiten";"Economie";"4 jaar na verlaten onderwijs";"2015/'16";"   19.34"
"Vrouwen";"Hbo-bachelor";"A-U Alle economische activiteiten";"Economie";"5 jaar na verlaten onderwijs";"2015/'16";"   20.84"
"Vrouwen";"Hbo-bachelor";"A-U Alle economische activiteiten";"Recht";"Direct na verlaten onderwijs";"2015/'16";"       ."
"Vrouwen";"Hbo-bachelor";"A-U Alle economische activiteiten";"Recht";"1 jaar na verlaten onderwijs";"2015/'16";"       ."
"Vrouwen";"Hbo-bachelor";"A-U Alle economische activiteiten";"Recht";"2 jaar na verlaten onderwijs";"2015/'16";"       ."
"Vrouwen";"Hbo-bachelor";"A-U Alle economische activiteiten";"Recht";"3 jaar na verlaten onderwijs";"2015/'16";"       ."
"Vrouwen";"Hbo-bachelor";"A-U Alle economische activiteiten";"Recht";"4 jaar na verlaten onderwijs";"2015/'16";"       ."
"Vrouwen";"Hbo-bachelor";"A-U Alle economische activiteiten";"Recht";"5 jaar na verlaten onderwijs";"2015/'16";"       ."
"Vrouwen";"Hbo-bachelor";"A-U Alle economische activiteiten";"Gedrag en Maatschappij";"Direct na verlaten onderwijs";"2015/'16";"   14.47"
"Vrouwen";"Hbo-bachelor";"A-U Alle economische activiteiten";"Gedrag en Maatschappij";"1 jaar na verlaten onderwijs";"2015/'16";"   16.24"
"Vrouwen";"Hbo-bachelor";"A-U Alle economische activiteiten";"Gedrag en Maatschappij";"2 jaar na verlaten onderwijs";"2015/'16";"   18.21"
"Vrouwen";"Hbo-bachelor";"A-U Alle economische activiteiten";"Gedrag en Maatschappij";"3 jaar na verlaten onderwijs";"2015/'16";"   19.51"
"Vrouwen";"Hbo-bachelor";"A-U Alle economische activiteiten";"Gedrag en Maatschappij";"4 jaar na verlaten onderwijs";"2015/'16";"   21.08"
"Vrouwen";"Hbo-bachelor";"A-U Alle economische activiteiten";"Gedrag en Maatschappij";"5 jaar na verlaten onderwijs";"2015/'16";"   22.24"
"Vrouwen";"Hbo-bachelor";"A-U Alle economische activiteiten";"Taal en cultuur";"Direct na verlaten onderwijs";"2015/'16";"   11.92"
"Vrouwen";"Hbo-bachelor";"A-U Alle economische activiteiten";"Taal en cultuur";"1 jaar na verlaten onderwijs";"2015/'16";"   12.57"
"Vrouwen";"Hbo-bachelor";"A-U Alle economische activiteiten";"Taal en cultuur";"2 jaar na verlaten onderwijs";"2015/'16";"   13.84"
"Vrouwen";"Hbo-bachelor";"A-U Alle economische activiteiten";"Taal en cultuur";"3 jaar na verlaten onderwijs";"2015/'16";"   14.96"
"Vrouwen";"Hbo-bachelor";"A-U Alle economische activiteiten";"Taal en cultuur";"4 jaar na verlaten onderwijs";"2015/'16";"   16.48"
"Vrouwen";"Hbo-bachelor";"A-U Alle economische activiteiten";"Taal en cultuur";"5 jaar na verlaten onderwijs";"2015/'16";"   18.44"
"Vrouwen";"Hbo-bachelor";"A-U Alle economische activiteiten";"Sectoroverstijgend";"Direct na verlaten onderwijs";"2015/'16";"       ."
"Vrouwen";"Hbo-bachelor";"A-U Alle economische activiteiten";"Sectoroverstijgend";"1 jaar na verlaten onderwijs";"2015/'16";"       ."
"Vrouwen";"Hbo-bachelor";"A-U Alle economische activiteiten";"Sectoroverstijgend";"2 jaar na verlaten onderwijs";"2015/'16";"       ."
"Vrouwen";"Hbo-bachelor";"A-U Alle economische activiteiten";"Sectoroverstijgend";"3 jaar na verlaten onderwijs";"2015/'16";"       ."
"Vrouwen";"Hbo-bachelor";"A-U Alle economische activiteiten";"Sectoroverstijgend";"4 jaar na verlaten onderwijs";"2015/'16";"       ."
"Vrouwen";"Hbo-bachelor";"A-U Alle economische activiteiten";"Sectoroverstijgend";"5 jaar na verlaten onderwijs";"2015/'16";"       ."
"Vrouwen";"Hbo-master";"A-U Alle economische activiteiten";"Onderwijs";"Direct na verlaten onderwijs";"2015/'16";"   17.97"
"Vrouwen";"Hbo-master";"A-U Alle economische activiteiten";"Onderwijs";"1 jaar na verlaten onderwijs";"2015/'16";"   18.73"
"Vrouwen";"Hbo-master";"A-U Alle economische activiteiten";"Onderwijs";"2 jaar na verlaten onderwijs";"2015/'16";"   20.43"
"Vrouwen";"Hbo-master";"A-U Alle economische activiteiten";"Onderwijs";"3 jaar na verlaten onderwijs";"2015/'16";"   21.01"
"Vrouwen";"Hbo-master";"A-U Alle economische activiteiten";"Onderwijs";"4 jaar na verlaten onderwijs";"2015/'16";"   22.80"
"Vrouwen";"Hbo-master";"A-U Alle economische activiteiten";"Onderwijs";"5 jaar na verlaten onderwijs";"2015/'16";"   23.83"
"Vrouwen";"Hbo-master";"A-U Alle economische activiteiten";"Landbouw en natuurlijke omgeving";"Direct na verlaten onderwijs";"2015/'16";"       ."
"Vrouwen";"Hbo-master";"A-U Alle economische activiteiten";"Landbouw en natuurlijke omgeving";"1 jaar na verlaten onderwijs";"2015/'16";"       ."
"Vrouwen";"Hbo-master";"A-U Alle economische activiteiten";"Landbouw en natuurlijke omgeving";"2 jaar na verlaten onderwijs";"2015/'16";"       ."
"Vrouwen";"Hbo-master";"A-U Alle economische activiteiten";"Landbouw en natuurlijke omgeving";"3 jaar na verlaten onderwijs";"2015/'16";"       ."
"Vrouwen";"Hbo-master";"A-U Alle economische activiteiten";"Landbouw en natuurlijke omgeving";"4 jaar na verlaten onderwijs";"2015/'16";"       ."
"Vrouwen";"Hbo-master";"A-U Alle economische activiteiten";"Landbouw en natuurlijke omgeving";"5 jaar na verlaten onderwijs";"2015/'16";"       ."
"Vrouwen";"Hbo-master";"A-U Alle economische activiteiten";"Natuur";"Direct na verlaten onderwijs";"2015/'16";"       ."
"Vrouwen";"Hbo-master";"A-U Alle economische activiteiten";"Natuur";"1 jaar na verlaten onderwijs";"2015/'16";"       ."
"Vrouwen";"Hbo-master";"A-U Alle economische activiteiten";"Natuur";"2 jaar na verlaten onderwijs";"2015/'16";"       ."
"Vrouwen";"Hbo-master";"A-U Alle economische activiteiten";"Natuur";"3 jaar na verlaten onderwijs";"2015/'16";"       ."
"Vrouwen";"Hbo-master";"A-U Alle economische activiteiten";"Natuur";"4 jaar na verlaten onderwijs";"2015/'16";"       ."
"Vrouwen";"Hbo-master";"A-U Alle economische activiteiten";"Natuur";"5 jaar na verlaten onderwijs";"2015/'16";"       ."
"Vrouwen";"Hbo-master";"A-U Alle economische activiteiten";"Techniek";"Direct na verlaten onderwijs";"2015/'16";"       ."
"Vrouwen";"Hbo-master";"A-U Alle economische activiteiten";"Techniek";"1 jaar na verlaten onderwijs";"2015/'16";"       ."
"Vrouwen";"Hbo-master";"A-U Alle economische activiteiten";"Techniek";"2 jaar na verlaten onderwijs";"2015/'16";"       ."
"Vrouwen";"Hbo-master";"A-U Alle economische activiteiten";"Techniek";"3 jaar na verlaten onderwijs";"2015/'16";"       ."
"Vrouwen";"Hbo-master";"A-U Alle economische activiteiten";"Techniek";"4 jaar na verlaten onderwijs";"2015/'16";"       ."
"Vrouwen";"Hbo-master";"A-U Alle economische activiteiten";"Techniek";"5 jaar na verlaten onderwijs";"2015/'16";"       ."
"Vrouwen";"Hbo-master";"A-U Alle economische activiteiten";"Gezondheidszorg";"Direct na verlaten onderwijs";"2015/'16";"       ."
"Vrouwen";"Hbo-master";"A-U Alle economische activiteiten";"Gezondheidszorg";"1 jaar na verlaten onderwijs";"2015/'16";"       ."
"Vrouwen";"Hbo-master";"A-U Alle economische activiteiten";"Gezondheidszorg";"2 jaar na verlaten onderwijs";"2015/'16";"       ."
"Vrouwen";"Hbo-master";"A-U Alle economische activiteiten";"Gezondheidszorg";"3 jaar na verlaten onderwijs";"2015/'16";"       ."
"Vrouwen";"Hbo-master";"A-U Alle economische activiteiten";"Gezondheidszorg";"4 jaar na verlaten onderwijs";"2015/'16";"       ."
"Vrouwen";"Hbo-master";"A-U Alle economische activiteiten";"Gezondheidszorg";"5 jaar na verlaten onderwijs";"2015/'16";"       ."
"Vrouwen";"Hbo-master";"A-U Alle economische activiteiten";"Economie";"Direct na verlaten onderwijs";"2015/'16";"       ."
"Vrouwen";"Hbo-master";"A-U Alle economische activiteiten";"Economie";"1 jaar na verlaten onderwijs";"2015/'16";"       ."
"Vrouwen";"Hbo-master";"A-U Alle economische activiteiten";"Economie";"2 jaar na verlaten onderwijs";"2015/'16";"       ."
"Vrouwen";"Hbo-master";"A-U Alle economische activiteiten";"Economie";"3 jaar na verlaten onderwijs";"2015/'16";"       ."
"Vrouwen";"Hbo-master";"A-U Alle economische activiteiten";"Economie";"4 jaar na verlaten onderwijs";"2015/'16";"       ."
"Vrouwen";"Hbo-master";"A-U Alle economische activiteiten";"Economie";"5 jaar na verlaten onderwijs";"2015/'16";"       ."
"Vrouwen";"Hbo-master";"A-U Alle economische activiteiten";"Recht";"Direct na verlaten onderwijs";"2015/'16";"       ."
"Vrouwen";"Hbo-master";"A-U Alle economische activiteiten";"Recht";"1 jaar na verlaten onderwijs";"2015/'16";"       ."
"Vrouwen";"Hbo-master";"A-U Alle economische activiteiten";"Recht";"2 jaar na verlaten onderwijs";"2015/'16";"       ."
"Vrouwen";"Hbo-master";"A-U Alle economische activiteiten";"Recht";"3 jaar na verlaten onderwijs";"2015/'16";"       ."
"Vrouwen";"Hbo-master";"A-U Alle economische activiteiten";"Recht";"4 jaar na verlaten onderwijs";"2015/'16";"       ."
"Vrouwen";"Hbo-master";"A-U Alle economische activiteiten";"Recht";"5 jaar na verlaten onderwijs";"2015/'16";"       ."
"Vrouwen";"Hbo-master";"A-U Alle economische activiteiten";"Gedrag en Maatschappij";"Direct na verlaten onderwijs";"2015/'16";"       ."
"Vrouwen";"Hbo-master";"A-U Alle economische activiteiten";"Gedrag en Maatschappij";"1 jaar na verlaten onderwijs";"2015/'16";"       ."
"Vrouwen";"Hbo-master";"A-U Alle economische activiteiten";"Gedrag en Maatschappij";"2 jaar na verlaten onderwijs";"2015/'16";"       ."
"Vrouwen";"Hbo-master";"A-U Alle economische activiteiten";"Gedrag en Maatschappij";"3 jaar na verlaten onderwijs";"2015/'16";"       ."
"Vrouwen";"Hbo-master";"A-U Alle economische activiteiten";"Gedrag en Maatschappij";"4 jaar na verlaten onderwijs";"2015/'16";"       ."
"Vrouwen";"Hbo-master";"A-U Alle economische activiteiten";"Gedrag en Maatschappij";"5 jaar na verlaten onderwijs";"2015/'16";"       ."
"Vrouwen";"Hbo-master";"A-U Alle economische activiteiten";"Taal en cultuur";"Direct na verlaten onderwijs";"2015/'16";"   13.83"
"Vrouwen";"Hbo-master";"A-U Alle economische activiteiten";"Taal en cultuur";"1 jaar na verlaten onderwijs";"2015/'16";"   15.75"
"Vrouwen";"Hbo-master";"A-U Alle economische activiteiten";"Taal en cultuur";"2 jaar na verlaten onderwijs";"2015/'16";"   17.33"
"Vrouwen";"Hbo-master";"A-U Alle economische activiteiten";"Taal en cultuur";"3 jaar na verlaten onderwijs";"2015/'16";"   19.81"
"Vrouwen";"Hbo-master";"A-U Alle economische activiteiten";"Taal en cultuur";"4 jaar na verlaten onderwijs";"2015/'16";"   21.76"
"Vrouwen";"Hbo-master";"A-U Alle economische activiteiten";"Taal en cultuur";"5 jaar na verlaten onderwijs";"2015/'16";"   24.26"
"Vrouwen";"Hbo-master";"A-U Alle economische activiteiten";"Sectoroverstijgend";"Direct na verlaten onderwijs";"2015/'16";"       ."
"Vrouwen";"Hbo-master";"A-U Alle economische activiteiten";"Sectoroverstijgend";"1 jaar na verlaten onderwijs";"2015/'16";"       ."
"Vrouwen";"Hbo-master";"A-U Alle economische activiteiten";"Sectoroverstijgend";"2 jaar na verlaten onderwijs";"2015/'16";"       ."
"Vrouwen";"Hbo-master";"A-U Alle economische activiteiten";"Sectoroverstijgend";"3 jaar na verlaten onderwijs";"2015/'16";"       ."
"Vrouwen";"Hbo-master";"A-U Alle economische activiteiten";"Sectoroverstijgend";"4 jaar na verlaten onderwijs";"2015/'16";"       ."
"Vrouwen";"Hbo-master";"A-U Alle economische activiteiten";"Sectoroverstijgend";"5 jaar na verlaten onderwijs";"2015/'16";"       ."
"Vrouwen";"Wo-bachelor";"A-U Alle economische activiteiten";"Onderwijs";"Direct na verlaten onderwijs";"2015/'16";"       ."
"Vrouwen";"Wo-bachelor";"A-U Alle economische activiteiten";"Onderwijs";"1 jaar na verlaten onderwijs";"2015/'16";"       ."
"Vrouwen";"Wo-bachelor";"A-U Alle economische activiteiten";"Onderwijs";"2 jaar na verlaten onderwijs";"2015/'16";"       ."
"Vrouwen";"Wo-bachelor";"A-U Alle economische activiteiten";"Onderwijs";"3 jaar na verlaten onderwijs";"2015/'16";"       ."
"Vrouwen";"Wo-bachelor";"A-U Alle economische activiteiten";"Onderwijs";"4 jaar na verlaten onderwijs";"2015/'16";"       ."
"Vrouwen";"Wo-bachelor";"A-U Alle economische activiteiten";"Onderwijs";"5 jaar na verlaten onderwijs";"2015/'16";"       ."
"Vrouwen";"Wo-bachelor";"A-U Alle economische activiteiten";"Landbouw en natuurlijke omgeving";"Direct na verlaten onderwijs";"2015/'16";"   11.85"
"Vrouwen";"Wo-bachelor";"A-U Alle economische activiteiten";"Landbouw en natuurlijke omgeving";"1 jaar na verlaten onderwijs";"2015/'16";"   15.13"
"Vrouwen";"Wo-bachelor";"A-U Alle economische activiteiten";"Landbouw en natuurlijke omgeving";"2 jaar na verlaten onderwijs";"2015/'16";"   16.20"
"Vrouwen";"Wo-bachelor";"A-U Alle economische activiteiten";"Landbouw en natuurlijke omgeving";"3 jaar na verlaten onderwijs";"2015/'16";"   18.40"
"Vrouwen";"Wo-bachelor";"A-U Alle economische activiteiten";"Landbouw en natuurlijke omgeving";"4 jaar na verlaten onderwijs";"2015/'16";"   20.63"
"Vrouwen";"Wo-bachelor";"A-U Alle economische activiteiten";"Landbouw en natuurlijke omgeving";"5 jaar na verlaten onderwijs";"2015/'16";"   22.23"
"Vrouwen";"Wo-bachelor";"A-U Alle economische activiteiten";"Natuur";"Direct na verlaten onderwijs";"2015/'16";"   12.46"
"Vrouwen";"Wo-bachelor";"A-U Alle economische activiteiten";"Natuur";"1 jaar na verlaten onderwijs";"2015/'16";"   15.48"
"Vrouwen";"Wo-bachelor";"A-U Alle economische activiteiten";"Natuur";"2 jaar na verlaten onderwijs";"2015/'16";"   18.24"
"Vrouwen";"Wo-bachelor";"A-U Alle economische activiteiten";"Natuur";"3 jaar na verlaten onderwijs";"2015/'16";"   20.18"
"Vrouwen";"Wo-bachelor";"A-U Alle economische activiteiten";"Natuur";"4 jaar na verlaten onderwijs";"2015/'16";"   21.66"
"Vrouwen";"Wo-bachelor";"A-U Alle economische activiteiten";"Natuur";"5 jaar na verlaten onderwijs";"2015/'16";"   23.77"
"Vrouwen";"Wo-bachelor";"A-U Alle economische activiteiten";"Techniek";"Direct na verlaten onderwijs";"2015/'16";"   12.68"
"Vrouwen";"Wo-bachelor";"A-U Alle economische activiteiten";"Techniek";"1 jaar na verlaten onderwijs";"2015/'16";"   18.37"
"Vrouwen";"Wo-bachelor";"A-U Alle economische activiteiten";"Techniek";"2 jaar na verlaten onderwijs";"2015/'16";"   20.34"
"Vrouwen";"Wo-bachelor";"A-U Alle economische activiteiten";"Techniek";"3 jaar na verlaten onderwijs";"2015/'16";"   21.68"
"Vrouwen";"Wo-bachelor";"A-U Alle economische activiteiten";"Techniek";"4 jaar na verlaten onderwijs";"2015/'16";"   24.28"
"Vrouwen";"Wo-bachelor";"A-U Alle economische activiteiten";"Techniek";"5 jaar na verlaten onderwijs";"2015/'16";"   26.78"
"Vrouwen";"Wo-bachelor";"A-U Alle economische activiteiten";"Gezondheidszorg";"Direct na verlaten onderwijs";"2015/'16";"   13.81"
"Vrouwen";"Wo-bachelor";"A-U Alle economische activiteiten";"Gezondheidszorg";"1 jaar na verlaten onderwijs";"2015/'16";"   20.13"
"Vrouwen";"Wo-bachelor";"A-U Alle economische activiteiten";"Gezondheidszorg";"2 jaar na verlaten onderwijs";"2015/'16";"   22.84"
"Vrouwen";"Wo-bachelor";"A-U Alle economische activiteiten";"Gezondheidszorg";"3 jaar na verlaten onderwijs";"2015/'16";"   23.73"
"Vrouwen";"Wo-bachelor";"A-U Alle economische activiteiten";"Gezondheidszorg";"4 jaar na verlaten onderwijs";"2015/'16";"   25.34"
"Vrouwen";"Wo-bachelor";"A-U Alle economische activiteiten";"Gezondheidszorg";"5 jaar na verlaten onderwijs";"2015/'16";"   26.79"
"Vrouwen";"Wo-bachelor";"A-U Alle economische activiteiten";"Economie";"Direct na verlaten onderwijs";"2015/'16";"   11.93"
"Vrouwen";"Wo-bachelor";"A-U Alle economische activiteiten";"Economie";"1 jaar na verlaten onderwijs";"2015/'16";"   16.06"
"Vrouwen";"Wo-bachelor";"A-U Alle economische activiteiten";"Economie";"2 jaar na verlaten onderwijs";"2015/'16";"   17.87"
"Vrouwen";"Wo-bachelor";"A-U Alle economische activiteiten";"Economie";"3 jaar na verlaten onderwijs";"2015/'16";"   20.51"
"Vrouwen";"Wo-bachelor";"A-U Alle economische activiteiten";"Economie";"4 jaar na verlaten onderwijs";"2015/'16";"   22.82"
"Vrouwen";"Wo-bachelor";"A-U Alle economische activiteiten";"Economie";"5 jaar na verlaten onderwijs";"2015/'16";"   25.29"
"Vrouwen";"Wo-bachelor";"A-U Alle economische activiteiten";"Recht";"Direct na verlaten onderwijs";"2015/'16";"   12.33"
"Vrouwen";"Wo-bachelor";"A-U Alle economische activiteiten";"Recht";"1 jaar na verlaten onderwijs";"2015/'16";"   16.01"
"Vrouwen";"Wo-bachelor";"A-U Alle economische activiteiten";"Recht";"2 jaar na verlaten onderwijs";"2015/'16";"   19.18"
"Vrouwen";"Wo-bachelor";"A-U Alle economische activiteiten";"Recht";"3 jaar na verlaten onderwijs";"2015/'16";"   20.80"
"Vrouwen";"Wo-bachelor";"A-U Alle economische activiteiten";"Recht";"4 jaar na verlaten onderwijs";"2015/'16";"   23.56"
"Vrouwen";"Wo-bachelor";"A-U Alle economische activiteiten";"Recht";"5 jaar na verlaten onderwijs";"2015/'16";"   25.79"
"Vrouwen";"Wo-bachelor";"A-U Alle economische activiteiten";"Gedrag en Maatschappij";"Direct na verlaten onderwijs";"2015/'16";"   11.81"
"Vrouwen";"Wo-bachelor";"A-U Alle economische activiteiten";"Gedrag en Maatschappij";"1 jaar na verlaten onderwijs";"2015/'16";"   15.14"
"Vrouwen";"Wo-bachelor";"A-U Alle economische activiteiten";"Gedrag en Maatschappij";"2 jaar na verlaten onderwijs";"2015/'16";"   17.85"
"Vrouwen";"Wo-bachelor";"A-U Alle economische activiteiten";"Gedrag en Maatschappij";"3 jaar na verlaten onderwijs";"2015/'16";"   19.97"
"Vrouwen";"Wo-bachelor";"A-U Alle economische activiteiten";"Gedrag en Maatschappij";"4 jaar na verlaten onderwijs";"2015/'16";"   22.10"
"Vrouwen";"Wo-bachelor";"A-U Alle economische activiteiten";"Gedrag en Maatschappij";"5 jaar na verlaten onderwijs";"2015/'16";"   23.84"
"Vrouwen";"Wo-bachelor";"A-U Alle economische activiteiten";"Taal en cultuur";"Direct na verlaten onderwijs";"2015/'16";"   12.61"
"Vrouwen";"Wo-bachelor";"A-U Alle economische activiteiten";"Taal en cultuur";"1 jaar na verlaten onderwijs";"2015/'16";"   14.09"
"Vrouwen";"Wo-bachelor";"A-U Alle economische activiteiten";"Taal en cultuur";"2 jaar na verlaten onderwijs";"2015/'16";"   15.78"
"Vrouwen";"Wo-bachelor";"A-U Alle economische activiteiten";"Taal en cultuur";"3 jaar na verlaten onderwijs";"2015/'16";"   17.40"
"Vrouwen";"Wo-bachelor";"A-U Alle economische activiteiten";"Taal en cultuur";"4 jaar na verlaten onderwijs";"2015/'16";"   19.52"
"Vrouwen";"Wo-bachelor";"A-U Alle economische activiteiten";"Taal en cultuur";"5 jaar na verlaten onderwijs";"2015/'16";"   20.82"
"Vrouwen";"Wo-bachelor";"A-U Alle economische activiteiten";"Sectoroverstijgend";"Direct na verlaten onderwijs";"2015/'16";"   10.72"
"Vrouwen";"Wo-bachelor";"A-U Alle economische activiteiten";"Sectoroverstijgend";"1 jaar na verlaten onderwijs";"2015/'16";"   13.89"
"Vrouwen";"Wo-bachelor";"A-U Alle economische activiteiten";"Sectoroverstijgend";"2 jaar na verlaten onderwijs";"2015/'16";"   15.73"
"Vrouwen";"Wo-bachelor";"A-U Alle economische activiteiten";"Sectoroverstijgend";"3 jaar na verlaten onderwijs";"2015/'16";"   17.38"
"Vrouwen";"Wo-bachelor";"A-U Alle economische activiteiten";"Sectoroverstijgend";"4 jaar na verlaten onderwijs";"2015/'16";"   19.78"
"Vrouwen";"Wo-bachelor";"A-U Alle economische activiteiten";"Sectoroverstijgend";"5 jaar na verlaten onderwijs";"2015/'16";"   22.38"
"Vrouwen";"Wo-master";"A-U Alle economische activiteiten";"Onderwijs";"Direct na verlaten onderwijs";"2015/'16";"       ."
"Vrouwen";"Wo-master";"A-U Alle economische activiteiten";"Onderwijs";"1 jaar na verlaten onderwijs";"2015/'16";"       ."
"Vrouwen";"Wo-master";"A-U Alle economische activiteiten";"Onderwijs";"2 jaar na verlaten onderwijs";"2015/'16";"       ."
"Vrouwen";"Wo-master";"A-U Alle economische activiteiten";"Onderwijs";"3 jaar na verlaten onderwijs";"2015/'16";"       ."
"Vrouwen";"Wo-master";"A-U Alle economische activiteiten";"Onderwijs";"4 jaar na verlaten onderwijs";"2015/'16";"       ."
"Vrouwen";"Wo-master";"A-U Alle economische activiteiten";"Onderwijs";"5 jaar na verlaten onderwijs";"2015/'16";"       ."
"Vrouwen";"Wo-master";"A-U Alle economische activiteiten";"Landbouw en natuurlijke omgeving";"Direct na verlaten onderwijs";"2015/'16";"   15.34"
"Vrouwen";"Wo-master";"A-U Alle economische activiteiten";"Landbouw en natuurlijke omgeving";"1 jaar na verlaten onderwijs";"2015/'16";"   17.88"
"Vrouwen";"Wo-master";"A-U Alle economische activiteiten";"Landbouw en natuurlijke omgeving";"2 jaar na verlaten onderwijs";"2015/'16";"   19.37"
"Vrouwen";"Wo-master";"A-U Alle economische activiteiten";"Landbouw en natuurlijke omgeving";"3 jaar na verlaten onderwijs";"2015/'16";"   20.80"
"Vrouwen";"Wo-master";"A-U Alle economische activiteiten";"Landbouw en natuurlijke omgeving";"4 jaar na verlaten onderwijs";"2015/'16";"   22.51"
"Vrouwen";"Wo-master";"A-U Alle economische activiteiten";"Landbouw en natuurlijke omgeving";"5 jaar na verlaten onderwijs";"2015/'16";"   24.09"
"Vrouwen";"Wo-master";"A-U Alle economische activiteiten";"Natuur";"Direct na verlaten onderwijs";"2015/'16";"   16.21"
"Vrouwen";"Wo-master";"A-U Alle economische activiteiten";"Natuur";"1 jaar na verlaten onderwijs";"2015/'16";"   18.11"
"Vrouwen";"Wo-master";"A-U Alle economische activiteiten";"Natuur";"2 jaar na verlaten onderwijs";"2015/'16";"   19.78"
"Vrouwen";"Wo-master";"A-U Alle economische activiteiten";"Natuur";"3 jaar na verlaten onderwijs";"2015/'16";"   21.65"
"Vrouwen";"Wo-master";"A-U Alle economische activiteiten";"Natuur";"4 jaar na verlaten onderwijs";"2015/'16";"   23.68"
"Vrouwen";"Wo-master";"A-U Alle economische activiteiten";"Natuur";"5 jaar na verlaten onderwijs";"2015/'16";"   26.24"
"Vrouwen";"Wo-master";"A-U Alle economische activiteiten";"Techniek";"Direct na verlaten onderwijs";"2015/'16";"   17.41"
"Vrouwen";"Wo-master";"A-U Alle economische activiteiten";"Techniek";"1 jaar na verlaten onderwijs";"2015/'16";"   18.73"
"Vrouwen";"Wo-master";"A-U Alle economische activiteiten";"Techniek";"2 jaar na verlaten onderwijs";"2015/'16";"   20.57"
"Vrouwen";"Wo-master";"A-U Alle economische activiteiten";"Techniek";"3 jaar na verlaten onderwijs";"2015/'16";"   22.69"
"Vrouwen";"Wo-master";"A-U Alle economische activiteiten";"Techniek";"4 jaar na verlaten onderwijs";"2015/'16";"   25.27"
"Vrouwen";"Wo-master";"A-U Alle economische activiteiten";"Techniek";"5 jaar na verlaten onderwijs";"2015/'16";"   27.53"
"Vrouwen";"Wo-master";"A-U Alle economische activiteiten";"Gezondheidszorg";"Direct na verlaten onderwijs";"2015/'16";"   16.21"
"Vrouwen";"Wo-master";"A-U Alle economische activiteiten";"Gezondheidszorg";"1 jaar na verlaten onderwijs";"2015/'16";"   18.75"
"Vrouwen";"Wo-master";"A-U Alle economische activiteiten";"Gezondheidszorg";"2 jaar na verlaten onderwijs";"2015/'16";"   20.37"
"Vrouwen";"Wo-master";"A-U Alle economische activiteiten";"Gezondheidszorg";"3 jaar na verlaten onderwijs";"2015/'16";"   22.42"
"Vrouwen";"Wo-master";"A-U Alle economische activiteiten";"Gezondheidszorg";"4 jaar na verlaten onderwijs";"2015/'16";"   24.35"
"Vrouwen";"Wo-master";"A-U Alle economische activiteiten";"Gezondheidszorg";"5 jaar na verlaten onderwijs";"2015/'16";"   26.58"
"Vrouwen";"Wo-master";"A-U Alle economische activiteiten";"Economie";"Direct na verlaten onderwijs";"2015/'16";"   16.32"
"Vrouwen";"Wo-master";"A-U Alle economische activiteiten";"Economie";"1 jaar na verlaten onderwijs";"2015/'16";"   18.11"
"Vrouwen";"Wo-master";"A-U Alle economische activiteiten";"Economie";"2 jaar na verlaten onderwijs";"2015/'16";"   20.37"
"Vrouwen";"Wo-master";"A-U Alle economische activiteiten";"Economie";"3 jaar na verlaten onderwijs";"2015/'16";"   23.11"
"Vrouwen";"Wo-master";"A-U Alle economische activiteiten";"Economie";"4 jaar na verlaten onderwijs";"2015/'16";"   25.47"
"Vrouwen";"Wo-master";"A-U Alle economische activiteiten";"Economie";"5 jaar na verlaten onderwijs";"2015/'16";"   28.45"
"Vrouwen";"Wo-master";"A-U Alle economische activiteiten";"Recht";"Direct na verlaten onderwijs";"2015/'16";"   16.50"
"Vrouwen";"Wo-master";"A-U Alle economische activiteiten";"Recht";"1 jaar na verlaten onderwijs";"2015/'16";"   18.11"
"Vrouwen";"Wo-master";"A-U Alle economische activiteiten";"Recht";"2 jaar na verlaten onderwijs";"2015/'16";"   20.37"
"Vrouwen";"Wo-master";"A-U Alle economische activiteiten";"Recht";"3 jaar na verlaten onderwijs";"2015/'16";"   22.87"
"Vrouwen";"Wo-master";"A-U Alle economische activiteiten";"Recht";"4 jaar na verlaten onderwijs";"2015/'16";"   25.87"
"Vrouwen";"Wo-master";"A-U Alle economische activiteiten";"Recht";"5 jaar na verlaten onderwijs";"2015/'16";"   28.16"
"Vrouwen";"Wo-master";"A-U Alle economische activiteiten";"Gedrag en Maatschappij";"Direct na verlaten onderwijs";"2015/'16";"   15.61"
"Vrouwen";"Wo-master";"A-U Alle economische activiteiten";"Gedrag en Maatschappij";"1 jaar na verlaten onderwijs";"2015/'16";"   18.12"
"Vrouwen";"Wo-master";"A-U Alle economische activiteiten";"Gedrag en Maatschappij";"2 jaar na verlaten onderwijs";"2015/'16";"   20.37"
"Vrouwen";"Wo-master";"A-U Alle economische activiteiten";"Gedrag en Maatschappij";"3 jaar na verlaten onderwijs";"2015/'16";"   22.64"
"Vrouwen";"Wo-master";"A-U Alle economische activiteiten";"Gedrag en Maatschappij";"4 jaar na verlaten onderwijs";"2015/'16";"   25.16"
"Vrouwen";"Wo-master";"A-U Alle economische activiteiten";"Gedrag en Maatschappij";"5 jaar na verlaten onderwijs";"2015/'16";"   27.15"
"Vrouwen";"Wo-master";"A-U Alle economische activiteiten";"Taal en cultuur";"Direct na verlaten onderwijs";"2015/'16";"   14.30"
"Vrouwen";"Wo-master";"A-U Alle economische activiteiten";"Taal en cultuur";"1 jaar na verlaten onderwijs";"2015/'16";"   15.91"
"Vrouwen";"Wo-master";"A-U Alle economische activiteiten";"Taal en cultuur";"2 jaar na verlaten onderwijs";"2015/'16";"   18.23"
"Vrouwen";"Wo-master";"A-U Alle economische activiteiten";"Taal en cultuur";"3 jaar na verlaten onderwijs";"2015/'16";"   19.93"
"Vrouwen";"Wo-master";"A-U Alle economische activiteiten";"Taal en cultuur";"4 jaar na verlaten onderwijs";"2015/'16";"   21.85"
"Vrouwen";"Wo-master";"A-U Alle economische activiteiten";"Taal en cultuur";"5 jaar na verlaten onderwijs";"2015/'16";"   23.70"
"Vrouwen";"Wo-master";"A-U Alle economische activiteiten";"Sectoroverstijgend";"Direct na verlaten onderwijs";"2015/'16";"   12.09"
"Vrouwen";"Wo-master";"A-U Alle economische activiteiten";"Sectoroverstijgend";"1 jaar na verlaten onderwijs";"2015/'16";"   17.38"
"Vrouwen";"Wo-master";"A-U Alle economische activiteiten";"Sectoroverstijgend";"2 jaar na verlaten onderwijs";"2015/'16";"   18.75"
"Vrouwen";"Wo-master";"A-U Alle economische activiteiten";"Sectoroverstijgend";"3 jaar na verlaten onderwijs";"2015/'16";"   21.75"
"Vrouwen";"Wo-master";"A-U Alle economische activiteiten";"Sectoroverstijgend";"4 jaar na verlaten onderwijs";"2015/'16";"   23.01"
"Vrouwen";"Wo-master";"A-U Alle economische activiteiten";"Sectoroverstijgend";"5 jaar na verlaten onderwijs";"2015/'16";"   25.46"
